{"cameraMode":{"drawMode":0,"name":"Shaded","section":"Shading Mode"},"sceneLighting":true,"audioPlay":false,"sceneViewState":{"m_AlwaysRefresh":false,"showFog":true,"showSkybox":true,"showFlares":true,"showImageEffects":true,"showParticleSystems":true,"showVisualEffectGraphs":true,"m_FxEnabled":true},"in2DMode":false,"pivot":{"x":3.8780384063720705,"y":0.29927802085876467,"z":-8.559660911560059},"rotation":{"x":0.07268738001585007,"y":0.9248145222663879,"z":-0.29707154631614687,"w":0.22630542516708375},"size":1.895405650138855,"orthographic":false}